{
  "event_session": {
    "title": {
      "main": "Event Calendar",
      "filter": "All Events On Dashboard"
    },
    "description": "Event scheduling <br> software - mobile apps",
    "button": "Find Event"
  },
  "blog_session": {
    "title": {
      "main": "Read from our blog"
    },
    "description": {
      "main": "Latest from blog"
    },
    "button": {
      "more_button": "More button"
    }
  },
  "blogs": {
    "title": {
      "page-blogs": "Blogs",
      "page-detail": "Blog Detail",
      "page-cat": "Blogs filter by category",
      "popular": "Popular Posts",
      "recent":"Recent Posts"
    },
    "session": {
      "cat": "'Show Categories'"
    }
  },
  "article": {
    "cat": {
      "title": "Categories"
    }
  },
  "service_session": {
    "title": {
      "main": "Our services"
    },
    "button": {
      "view_more": "View more"
    }
  },
  "menu": {
    "about": {
      "title": "About Us"
    },
    "service": {
      "title": "Services"
    },
    "blog": {
      "title": "News"
    },
    "event": {
      "title": "Event Callendar"
    },
    "contact": {
      "title": "Contact"
    }
  },
  "banner": {
    "button": {
      "next_lesson": "Next lesson"
    }
  }
}